{
  "month": {
    "mean": 6.573204419889502,
    "std": 3.423249245901624
  },
  "day_of_week": {
    "mean": 2.9972375690607733,
    "std": 2.003586532482595
  },
  "is_weekend": {
    "mean": 0.28591160220994477,
    "std": 0.45187870227837496
  },
  "day_of_year": {
    "mean": 184.98342541436463,
    "std": 104.5371183781522
  },
  "week_of_year": {
    "mean": 26.640883977900554,
    "std": 14.93026705981808
  },
  "quarter": {
    "mean": 2.522099447513812,
    "std": 1.1129388898609691
  },
  "is_summer": {
    "mean": 0.2541436464088398,
    "std": 0.4354088177765349
  },
  "is_monsoon": {
    "mean": 0.42265193370165743,
    "std": 0.49401516711487686
  },
  "is_winter": {
    "mean": 0.32320441988950277,
    "std": 0.46773233819482535
  },
  "avg_temperature": {
    "mean": 30.387012546040516,
    "std": 3.2922173463047484
  },
  "lag_1d": {
    "mean": 24.676563714088395,
    "std": 12.244335702521088
  },
  "lag_7d": {
    "mean": 24.679485733425416,
    "std": 12.243798473459025
  },
  "lag_30d": {
    "mean": 24.09584538121547,
    "std": 12.86536894591714
  },
  "rolling_7": {
    "mean": 24.67329592620363,
    "std": 11.714840504479296
  },
  "rolling_14": {
    "mean": 24.679700510284643,
    "std": 11.682108315876109
  },
  "rolling_30": {
    "mean": 24.693973443019875,
    "std": 11.609378176726032
  },
  "std_7": {
    "mean": 3.447979001213458,
    "std": 1.7045313067949488
  },
  "cycle_day": {
    "mean": 25.908839779005525,
    "std": 16.723125125809975
  },
  "cycle_cumulative_kwh": {
    "mean": 660.2223453950276,
    "std": 579.5060885234152
  },
  "projected_cycle_kwh": {
    "mean": 1300.5386206429944,
    "std": 764.0670210276028
  },
  "num_appliance_types": {
    "mean": 8.4,
    "std": 2.653483090207133
  },
  "total_appliance_count": {
    "mean": 24.0,
    "std": 8.87754952007704
  },
  "total_rated_watts": {
    "mean": 6949.7,
    "std": 5025.238620864622
  },
  "appliance_daily_kwh": {
    "mean": 24.56658,
    "std": 15.278526724229696
  },
  "ac_count": {
    "mean": 1.5,
    "std": 1.2846119772269022
  },
  "heater_count": {
    "mean": 0.5,
    "std": 0.806281459173937
  },
  "fan_count": {
    "mean": 4.4,
    "std": 1.8001243222711019
  },
  "light_count": {
    "mean": 10.9,
    "std": 4.061068571071146
  },
  "heavy_appliance_count": {
    "mean": 2.7,
    "std": 2.571169599529661
  },
  "has_ac": {
    "mean": 0.7,
    "std": 0.45828922039657805
  },
  "has_heater": {
    "mean": 0.3,
    "std": 0.45828922039657805
  },
  "tariff_code": {
    "mean": 0.4,
    "std": 0.6633707725517833
  },
  "size_code": {
    "mean": 1.7,
    "std": 1.2689453914214452
  }
}