{
  "month": {
    "mean": 6.7560627674750355,
    "std": 3.324464528680042
  },
  "day_of_week": {
    "mean": 2.9971469329529246,
    "std": 2.0002833324798726
  },
  "is_weekend": {
    "mean": 0.28530670470756064,
    "std": 0.4516248238673672
  },
  "day_of_year": {
    "mean": 190.42938659058487,
    "std": 101.74926762717195
  },
  "week_of_year": {
    "mean": 27.41654778887304,
    "std": 14.53563798925373
  },
  "quarter": {
    "mean": 2.572039942938659,
    "std": 1.0958696733051154
  },
  "is_summer": {
    "mean": 0.2624821683309558,
    "std": 0.4400460505217288
  },
  "is_monsoon": {
    "mean": 0.43651925820256776,
    "std": 0.49602458849781506
  },
  "is_winter": {
    "mean": 0.30099857346647646,
    "std": 0.4587575366708457
  },
  "avg_temperature": {
    "mean": 30.52829648121731,
    "std": 3.247307259105553
  },
  "lag_1d": {
    "mean": 15.070563223965763,
    "std": 6.936527055893132
  },
  "lag_7d": {
    "mean": 15.07723455064194,
    "std": 6.935468305792505
  },
  "lag_30d": {
    "mean": 15.107528445078458,
    "std": 6.929774670404797
  },
  "rolling_7": {
    "mean": 15.075684316282862,
    "std": 6.591766904115087
  },
  "rolling_14": {
    "mean": 15.079507173425718,
    "std": 6.569698129926927
  },
  "rolling_30": {
    "mean": 15.088187253447455,
    "std": 6.521061795026606
  },
  "std_7": {
    "mean": 2.1181169812840768,
    "std": 0.9729450662351333
  },
  "cycle_day": {
    "mean": 30.757489300998575,
    "std": 17.45872387537795
  },
  "cycle_cumulative_kwh": {
    "mean": 465.7571154065621,
    "std": 348.3143996006647
  },
  "projected_cycle_kwh": {
    "mean": 910.8627278428633,
    "std": 395.1575592584186
  }
}